b0001	8.3333
b0002	9.4397
b0003	16.8274
b0004	15.1515
b0005	5.7239
b0006	12.0335
b0007	3.4242
b0008	47.6939
b0009	13.6054
b0010	9.9647
b0011	0.7003
b0013	1.8519
b0014	41.1059
b0015	19.1866
b0016	20.1258
b4412	6.2092
b0018	14.0476
b0019	15.0386
b0020	11.2031
b0021	6.9444
b0022	9.7826
b0023	43.75
b0024	2.2831
b0025	23.2484
b0026	33.0316
b0027	23.0303
b0028	16.5556
b0029	16.4038
b0030	6.776
b0031	10.3406
b0032	3.6118
b0033	5.059
b0034	1.7677
b0035	1.692
b0036	0.5725
b0037	1.3514
b0038	0.78
b0039	2.9746
b0040	0.6271
b0041	0.1946
b0042	0.4246
b0043	0.272
b0044	0.1736
b0045	0.9009
b0046	1.6008
b0047	3.3548
b0048	16.25
b0049	9.6679
b0050	15.873
b0051	26.8248
b0052	14.2929
b0053	37.1406
b0054	29.2994
b0055	6.7402
b0058	19.4697
b0059	15.2735
b0060	3.0612
b0061	0.431
b0062	0.6321
b0063	0.3527
b0064	5.7452
b0065	6.9935
b0066	5.5794
b0067	2.9174
b0068	7.2663
b0069	4.378
b4662	22.7273
b0070	3.8168
b0071	2.9703
b0072	2.8551
b0073	2.0147
b0074	1.813
b0075	5.7471
b0076	2.9101
b0077	2.4638
b0078	3.252
b0080	14.7264
b0081	26.6885
b0082	19.0552
b0083	23.7705
b0084	11.8563
b0085	19.6573
b0086	19.0213
b0087	22.4838
b0088	22.0197
b0089	15.9839
b0090	10.2996
b0091	17.8523
b0092	26.9815
b0093	23.586
b0094	23.08
b0095	33.7674
b0096	42.6471
b0097	21.2476
b0098	33.1855
b0099	3.0769
b0101	26.7677
b0102	21.6398
b0103	13.0435
b0104	20.3065
b0106	2.5769
b0107	2.5613
b0108	0.1134
b0109	15.66
b0110	7.2464
b0111	6.4912
b0112	4.5488
b0113	32.6144
b0114	47.9917
b0115	46.2758
b0116	45.0526
b0117	1.3754
b0118	35.2964
b0119	12.5344
b0120	35.8491
b0121	23.5871
b0122	18.6782
b0123	4.9001
b0124	5.0397
b0125	30.3538
b0126	45.5505
b0127	13.2147
b0128	10.0519
b0129	8.2766
b0130	4.4715
b0131	31.3648
b0132	1.3843
b0133	31.6901
b0134	19.7484
b0135	2.6231
b0136	1.2563
b0137	2.0627
b0138	1.4912
b0139	1.0778
b0140	0.8097
b0141	0.3419
b0142	6.1458
b0143	21.3519
b0144	6.7961
b0145	43.8596
b0146	16.383
b0147	6.7797
b0148	5.7407
b0149	14.0631
b0150	30.1248
b0151	11.9048
b0152	6.8462
b0153	6.5557
b0154	22.5605
b0155	7.7356
b0156	17.6812
b0157	7.0513
b0158	5.3683
b0159	24.8212
b0160	10.6061
b0161	21.2281
b0162	3.886
b0163	27.6486
b0164	2.46
b0166	26.7879
b0167	6.5095
b0168	40.5031
b0169	48.2094
b0170	46.7723
b0171	24.1736
b0172	42.3835
b0173	7.7694
b0174	29.4619
b0175	17.8904
b0176	27.2358
b0177	35.3884
b0178	40.2263
b0179	36.7934
b0180	35.7456
b0181	38.5298
b0182	15.3612
b0183	17.4204
b0184	17.9012
b0185	30.8333
b0186	4.2717
b0187	8.4615
b0188	4.7344
b0189	21.5686
b4406	17.9104
b0190	10.348
b0191	8.156
b0192	9.4233
b0193	4.2424
b0194	34.1768
b0195	6.1441
b0196	18.1481
b0197	28.9216
b0198	13.8379
b0199	8.0911
b0200	12.2396
b0207	11.8781
b0208	4.2077
b0209	10.5493
b0210	6.3301
b0211	20.1619
b0212	12.963
b0213	8.4371
b0214	17.6282
b0215	13.7295
b0217	4.1985
b4586	1.7708
b0219	5.4475
b0220	10.3376
b0221	2.8221
b0222	25.734
b0223	16.276
b0224	21.1876
b0225	22.5806
b0226	25.8621
b0227	0.8
b0228	5.2209
b0231	3.8826
b0232	9.0136
b0233	3.0075
b0234	2.649
b0237	35.5624
b0238	16.5577
b0239	15.1807
b0241	1.2784
b0242	22.5996
b0243	19.059
b0245	2.193
b0246	1.4151
b4504	2.2523
b0247	2.8302
b0248	5.5556
b0249	3.5417
b0250	7.6923
b0251	3.6036
b0252	0.5474
b0253	3.0093
b0254	1.7897
b0256	9.7656
b0259	17.0108
b0260	0.6766
b0261	3.537
b0262	1.5759
b0264	6.5476
b0265	7.971
b0267	0.0866
b0268	3.3003
b0269	3.4553
b0270	1.41
b0271	2.4829
b0272	8.498
b0273	2.7861
b0274	7.7381
b0275	7.971
b0277	7.177
b0278	4.2203
b0279	1.5789
b0280	18.3673
b0281	9.8501
b0283	1.6719
b0284	0.2956
b0285	0.1567
b0286	0.3623
b0287	22.1951
b0288	1.6667
b0289	2.8833
b0290	1.9769
b0291	0.7522
b0292	0.5232
b0293	1.6156
b0294	0.846
b0295	5.2632
b4506	7.8014
b0296	3.5985
b4671	5.8824
b0298	8.1667
b0299	2.7105
b0301	0.5051
b0303	1.6878
b0304	1.4329
b0305	1.2281
b0306	19.4444
b0307	7.8081
b0308	3.8793
b0310	1.2706
b0311	5.386
b0312	8.7237
b0313	12.3299
b0314	4.646
b0315	11.7539
b0316	5.1983
b0317	0.4016
b0318	0.9076
b0319	0.3472
b0320	0.3553
b0321	0.1762
b0323	0.6835
b0324	2.5307
b0325	2.2381
b0326	0.7353
b0327	3.252
b0328	3.497
b0329	20.471
b0330	0.4096
b0331	0.5051
b0333	0.2564
b0334	0.2755
b0335	0.1325
b0336	2.1032
b0337	7.5156
b0338	2.5
b0339	0.6061
b0340	2.1231
b0341	0.8225
b0342	1.634
b0343	1.8341
b0344	2.2764
b0345	4.4321
b0346	1.0791
b0347	0.0601
b0348	0.0529
b0349	1.0957
b0350	0.3086
b0351	0.1577
b0352	0.1479
b0353	0.3713
b0354	10.8333
b0355	22.542
b0356	18.964
b0357	23.913
b0358	1.938
b0360	20.6284
b0361	10.0993
b0363	0.7101
b0364	0.1792
b0365	0.1038
b0366	0.1302
b0367	0.3623
b0368	1.5258
b0369	24.7179
b0372	2.8258
b0373	6
b0375	1.5224
b0376	6.1313
b0377	5.2826
b0378	7.2603
b0379	2.2654
b0380	8.6854
b0381	19.6804
b0382	21.0728
b0383	4.7316
b0384	4.5171
b0385	0.7616
b0386	5.9259
b0387	7.0806
b0388	10.1905
b0389	24.2188
b0390	8.6283
b0391	13.8596
b0393	12.2807
b0394	3.1353
b0396	2.7426
b0397	5.0365
b0398	7.1904
b0399	7.7536
b0400	8.6806
b0401	8.6742
b0402	10.9898
b0403	3.3333
b0404	5.4983
b0405	19.1877
b0406	27.4823
b0407	41.2913
b0408	34.3885
b0409	27.3148
b0410	14.9425
b0411	44.2373
b0412	3.7037
b0413	18.4444
b0414	14.9909
b0415	28.4501
b0416	37.5
b0417	8.8446
b0418	14.3545
b0419	10.6154
b0420	15.4321
b0421	20.5556
b0422	30.6584
b0423	17.9089
b0424	10.5753
b0425	12.7193
b0426	36.1789
b0427	6.1905
b0428	36.6442
b0429	43.7879
b0430	43.0894
b0431	43.6496
b0432	45.9388
b0433	9.6545
b0434	15.285
b0435	34.5912
b0436	47.7675
b0437	36.7788
b0438	36.6667
b0439	31.6136
b0440	39.1941
b0441	28.953
b0442	3.629
b0443	1.7544
b0444	10.9914
b0445	2.3222
b0446	6.7155
b0447	11.329
b0448	6.0914
b0449	4.8822
b0450	1.4749
b0451	1.2821
b0452	10.8014
b0453	7.2426
b0454	1.4103
b0456	4.2373
b0457	7.7692
b0458	21.4437
b0459	16.0326
b0460	34.2466
b0461	30
b0462	25.9683
b0463	25.5444
b0464	20.8333
b0465	12.2212
b0466	4.6296
b0467	3.125
b0468	4.6296
b0469	30.5254
b0470	15.295
b0471	34.0909
b0472	28.5479
b0473	30.48
b0474	35.2713
b0475	7.3209
b0476	1.9792
b0477	14.7893
b0478	15.0268
b0479	4.6274
b0480	6.8058
b0481	10.5208
b0482	8.3648
b0483	28.8012
b0484	3.7525
b0485	0.4823
b0486	1.1601
b0487	9.6814
b0488	5.2288
b0489	5.5556
b0490	8.8496
b0491	6.0897
b0492	20.1754
b0493	6.9753
b0494	11.0845
b0495	2.4017
b0496	1.2008
b0497	1.1796
b0498	4.336
b0503	4.7489
b0504	0.5933
b0505	1.5528
b0506	10.3554
b0507	0.3367
b0508	0.1287
b0509	0.6826
b0511	0.2749
b0512	0.5507
b0513	0.6528
b0514	0.3054
b0515	3.944
b0516	1.6586
b0517	0.2381
b0518	0.0899
b4572	0.4762
b0520	0.3064
b0521	0.3356
b0522	5.8989
b0523	2.1569
b0524	8.7828
b0525	38.2828
b0526	24.2063
b0527	1.0536
b0528	17.8404
b0529	17.128
b0530	0.5525
b0531	0.5051
b0532	0.4032
b0533	0.2541
b0534	1.1628
b0535	1.2638
b0537	14.0034
b0540	6.8333
b0541	2.6528
b0543	5.7057
b0544	1.0478
b0545	1.9928
b0546	4.9499
b4588	0
b0547	0.2193
b0548	0.2924
b0549	0.1718
b0550	0.551
b4509	0.3546
b0551	1.1719
b0552	17.7483
b0554	0.6944
b0555	3.3133
b0556	4.2208
b4510	1.0929
b0557	13.4354
b0558	1.5815
b0559	4.8309
b4589	2.8205
b0560	1.0989
b0564	11.0667
b0565	46.2788
b0566	1.7717
b0567	2.1886
b0568	2.6909
b0569	4.2672
b0570	2.2869
b0571	5.3363
b0572	0.5459
b0573	0.3003
b0574	0.6536
b0575	0.6361
b0576	13.3261
b0577	10.2163
b0578	23.3945
b0579	5.6911
b0580	5.8233
b0581	1.3852
b4415	2.2876
b0582	20.6649
b0583	5.5556
b0584	9.17
b0585	6.4838
b4511	15.5251
b0586	7.0325
b0587	0.97
b0588	12.3162
b0589	5.3877
b0590	5.4229
b0591	5.9552
b0592	8.5162
b0593	11.352
b0594	11.5456
b0595	18.007
b0596	12.9853
b0597	14.9758
b0598	9.1406
b4512	7.3232
b0599	3.9027
b0600	1.938
b0601	1.5079
b0602	1.0238
b0603	1.7165
b0604	8.4337
b0605	46.2766
b0606	24.3614
b0607	22.8438
b0608	1.8967
b0610	12.6521
b0611	18.4634
b0612	0.9563
b0613	0.6826
b0614	0.4529
b0615	0.4566
b0616	0.44
b0617	0
b0618	0.5666
b0619	2.4714
b0620	3.4508
b0621	9.8485
b0622	3.5651
b0623	43.3333
b0624	10.5469
b0627	22.7941
b0628	36.6977
b0629	4.1929
b0630	9.2679
b0631	28.4091
b0632	26.6914
b0633	12.3967
b0634	12.5337
b0635	13.2229
b0636	22.1154
b0637	31.6038
b0638	5.9641
b0639	12.3053
b0640	19.6221
b0641	27.2337
b0642	31.475
b0643	8.9027
b0644	2.6585
b0645	0.4237
b0646	0.8053
b0647	0.6306
b0648	0.565
b0649	1.2741
b0650	1.5859
b0651	26.2286
b0652	6.1295
b0653	6.3704
b0654	5.1957
b0655	17.6018
b0656	16.9617
b0657	7.1475
b0658	27.19
b0659	13.0342
b0660	21.2296
b0661	23.4035
b0662	6.0374
b0674	9.3994
b0675	22.3108
b0676	21.3759
b0677	24.4125
b0678	37.0162
b0679	32.4859
b0680	35.045
b0681	4.833
b0682	4.4343
b0683	36.5772
b4637	26.4368
b0684	34.4633
b0685	14.2857
b0686	8.8235
b0687	28.022
b0688	23.6137
b0689	2.9293
b0692	1.7803
b0693	0.6594
b4590	0.5814
b0694	3.0973
b0695	3.203
b0696	3.2286
b0697	0.4636
b0698	0.3286
b4513	0
b0699	11.1111
b0700	1.4187
b0702	1.0703
b0704	0.9649
b0706	0.3937
b0707	2.7451
b0708	2.1846
b0709	1.8219
b0710	12.836
b0711	5.9361
b0712	9.3248
b0713	5.3061
b0714	5.3662
b0715	3.3906
b0716	2.2599
b0717	1.2346
b0718	0.4902
b0719	0.5291
b0720	26.0125
b0721	22.6923
b0722	22.7011
b0723	30.8149
b0724	37.3082
b0726	26.1777
b0727	38.8342
b0728	29.9057
b0729	35.6322
b0730	8.2296
b0731	0.2276
b0732	2.3349
b0733	38.6233
b0734	38.6404
b4515	35.9649
b0735	36.3946
b0736	14.1975
b0737	22.5108
b0738	13.2867
b0739	14.8104
b0740	32.9853
b0741	44.1571
b0742	38.0682
b0750	3.9751
b0751	4.375
b0752	3.2378
b0753	4.9869
b0754	19.4207
b0755	41.9655
b0756	19.6446
b0757	9.3124
b0758	9.0735
b0759	18.2399
b0760	7.1962
b0761	7.2243
b0762	25
b0763	6.9767
b0764	6.6667
b0765	4.4854
b0766	8.1807
b0767	18.4739
b0768	1.153
b0769	0.095
b0770	0.2092
b0771	1.7683
b0772	14.9922
b0773	6.0797
b0774	0.8527
b0775	0.9606
b0776	1.342
b0777	1.1905
b0778	1.6224
b0779	10.361
b0780	8.8559
b0781	21.1111
b0782	15.3021
b0783	13.5802
b0784	14.6341
b0785	14.9007
b0786	22.9078
b0787	1.6106
b0788	0.5225
b0789	0.7246
b0790	0.9186
b0791	26.6423
b0792	2.71
b0793	2.2928
b0794	4.1451
b0795	8.5586
b0796	8.4821
b0797	12.2344
b0798	2.2774
b0799	5.7415
b0800	8.9304
b0801	2.3941
b0802	2.2989
b0803	2.6217
b0804	9.6608
b0805	8.7823
b0806	2.4904
b0807	6.3107
b0808	1.46
b0809	9.1286
b0810	10.2273
b0811	26.6399
b0812	31.5476
b0813	3.8288
b0814	46.5116
b0815	5.9343
b4705	5.0388
b0817	4.594
b0818	3.3065
b0819	25.7872
b0820	20.182
b0821	2.8041
b0822	9.6814
b0823	1.418
b0824	2
b0825	5.8069
b0826	11.8
b0827	11.8528
b0828	5.0725
b0829	4.9947
b0830	2.989
b0831	1.8458
b0832	1.2061
b0833	2.0221
b0834	3.4612
b0835	13.1222
b0836	13.8021
b0837	1.7025
b0838	13.7959
b0839	13.1754
b0840	10.2108
b0841	16.3317
b0842	7.1776
b0843	9.4737
b0844	9.0074
b0845	3.7634
b0846	4.3762
b0847	11.5065
b0848	4.4974
b0849	17.6357
b0850	15.2778
b0851	15.6985
b0852	11.7386
b0853	24.4235
b0854	1.5274
b0855	0.7496
b0856	0.2096
b0857	0.4728
b0858	2.2495
b0859	3.0142
b0860	5.9426
b0861	9.8655
b0862	10.4603
b0863	25.2049
b0864	13.4431
b0865	6.686
b0866	10.4938
b0867	6.077
b0868	5.9665
b0869	4.8917
b0870	7.8343
b0871	2.9087
b0872	2.1156
b0873	0.9377
b0874	5.2222
b0875	2.3707
b0876	9.4334
b0877	33.0816
b0878	5.5108
b0879	3.2614
b0880	42.8889
b0881	16.9782
b0882	27.7558
b0884	37.2146
b0885	5.9574
b0886	12.0209
b0887	5.8008
b0888	31.7805
b0889	39.1919
b0890	17.193
b0891	23.8562
b0892	10.6771
b0893	37.703
b0894	15.0716
b0895	2.5081
b0896	1.9097
b0897	2.8708
b0898	5.5701
b0899	6.8134
b0900	5.5006
b0901	2.0305
b0902	22.1323
b0903	47.2405
b0904	36.8298
b0905	27.5696
b0906	3.1746
b0907	26.8136
b0908	10.3193
b0909	2.2876
b0910	28.5088
b0911	49.3429
b0912	39.1228
b0913	3.0905
b0914	20.7833
b0915	13.2219
b0916	4.9067
b0917	11.2022
b0918	25.8367
b0919	9.0045
b0920	2.7564
b0921	13.2952
b0922	15.7596
b0923	17.234
b0924	23.7167
b0925	7.8734
b0926	25.592
b0927	27.1605
b0928	21.4945
b0929	45.5464
b0930	36.9022
b0931	17.7889
b0932	16.2266
b0933	0.5208
b0934	0.3157
b0935	0.1309
b0936	0.3125
b0937	0.2604
b0938	1.5741
b0939	0.641
b0940	0.8458
b0941	1.3072
b0942	1.6575
b0943	1.2597
b0944	3.4459
b0945	13.1553
b0946	9.0239
b0947	15.7658
b0948	15.6709
b0949	20.3092
b0950	9.6093
b0951	14.6252
b0952	10.1064
b0953	20.5357
b0954	43.6416
b0955	18.7677
b0956	15.4525
b0957	48.2709
b0958	18.8235
b0959	6.0317
b0960	6.5924
b0961	22.4832
b0962	8.0535
b0963	28.4314
b0964	1.6591
b0965	3.6232
b0966	18.3962
b0967	19.5634
b0968	2.509
b0969	13.9394
b0970	36.1364
b0972	0.6256
b0973	0.1951
b0974	0.4237
b0975	1.2755
b0976	0.7519
b0977	0.5828
b0978	1.0356
b0979	1.4512
b4592	2.1505
b0980	1.0393
b0981	3.3012
b0982	3.0201
b0983	2.7193
b0984	1.6452
b0985	2.9451
b0986	3.1783
b0987	3.1046
b4516	7.971
b0988	6.25
b0989	0.939
b0990	23.0047
b0991	6.2771
b4517	35.6322
b0992	4.7952
b0993	1.8579
b0994	0.8746
b0995	3.7518
b0996	0.4263
b0997	0.5889
b0998	1.3333
b0999	4.4118
b1000	10.0977
b1001	1.3126
b1002	3.9452
b1003	9.4298
b1004	9.7152
b4518	1.4368
b1006	0.8277
b1007	0.101
b1008	0.423
b1009	0.1248
b1010	0.5168
b1011	0.5051
b1012	0.0435
b1013	3.9124
b1014	10.0429
b1015	6.9583
b1018	13.0319
b1019	6.2893
b1020	2.9108
b1021	3.6232
b1022	2.2624
b1023	1.684
b1024	1.8977
b1025	3.4952
b1026	3.1142
b1027	6.3333
b1029	0.7092
b1033	10.0639
b1034	11.5854
b1035	15.3153
b1036	34.3496
b1037	4.3765
b1038	1.7986
b1039	1.2821
b1040	3.2258
b1041	0.9868
b1042	1.864
b1043	3.003
b1044	3.6859
b1045	3.2772
b1046	2.8129
b1047	7.1244
b1048	26.3672
b1049	21.6785
b1050	3.5088
b1051	1.6
b1053	1.0595
b1054	11.9435
b1055	7.2175
b1056	4.9479
b1057	4.7619
b1058	2.4823
b1059	11.1707
b1060	25.2941
b1061	8.5366
b1062	11.6523
b1063	13.5472
b1064	13.8889
b1065	0.7444
b1066	17.1795
b1067	19.0586
b1068	7.7922
b1069	6.7057
b1070	3.1175
b1071	4.7619
b1072	1.0606
b1073	5.2758
b1074	3.0864
b1075	3.9511
b1076	4.1356
b1077	0.8598
b1078	1.4687
b1079	0.5007
b1080	0.8652
b1081	0.5839
b1082	0.882
b1083	1.9392
b1084	28.4055
b1085	25.5452
b1086	14.6354
b1087	9.3162
b1088	46.8391
b1089	37.931
b1090	25.5369
b1091	36.8973
b1092	37.957
b1093	44.4218
b1094	43.4599
b1095	42.351
b1096	4.6296
b1097	7.2336
b1098	10.1246
b1099	7.3134
b1100	16.604
b1101	42.7824
b1102	4.726
b1103	32.5
b1104	22.4868
b1105	14.2523
b1106	7.3939
b1107	15.1072
b1108	24.7698
b1109	34.8276
b1110	13.7037
b1111	5.4502
b1112	12.5969
b1113	3.1672
b1114	10.792
b1115	0.2328
b1116	14.875
b1117	18.7322
b1118	12.9719
b1119	15.7895
b1120	13.5802
b1121	2.2814
b1122	2.9221
b1123	23.0659
b1124	19.5597
b1125	17.6932
b1126	19.657
b1127	16.9112
b1128	19.1176
b1129	15.0582
b1130	23.5863
b1131	16.3384
b1132	16.3551
b1133	22.8997
b1134	6.4935
b1135	6.3456
b1136	43.5252
b1137	0
b1138	0
b1139	0
b1140	0
b1141	0
b1143	0
b1144	0
b1145	0
b1146	0
b1147	0
b1148	0
b1150	0
b1153	0
b1154	0
b1155	0
b1156	1.4925
b1158	0
b1159	0
b1160	3.5494
b1161	1.9753
b1162	12.9098
b1163	3.0941
b1164	4.8523
b1165	2.5641
b1166	0.9363
b1167	0.4016
b1168	1.1483
b4520	4.5662
b1171	12.1212
b1172	5.6522
b4593	2.0115
b4594	0.2688
b1174	37.2659
b1175	40.1599
b1176	21.8391
b1177	7.9946
b1178	11.9403
b1179	12.0748
b1180	7.2727
b1181	12.8788
b1182	0.6031
b1183	1.4286
b1184	1.4578
b1185	12.2411
b1186	18.1582
b1187	18.75
b1188	3.9791
b1189	12.0477
b1190	11.718
b1191	4.8647
b1192	6.3388
b1193	13.2353
b1194	2.2449
b1195	0
b1196	2.8345
b1197	1.6784
b1198	27.308
b1199	25.6714
b1200	32.8198
b1201	4.7396
b1202	1.848
b1203	23.9469
b1204	16.8376
b1205	14.1577
b1206	8.8393
b1207	37.1835
b1208	14.73
b1209	7.6923
b1210	12.7287
b1211	9.1413
b1212	10.1319
b1213	17.1756
b1214	22.5309
b1215	22.2807
b4419	4.1667
b4421	0.463
b4423	2.3148
b1216	9.0827
b1217	4.329
b1218	6.25
b1219	16.9492
b1220	4.9104
b1221	11.9816
b1222	9.6828
b1223	24.6049
b1224	22.6362
b1225	2.8265
b1226	1.2658
b1227	1.1799
b1229	13.3333
b1232	20.4626
b1233	26.1438
b1234	10.9823
b1235	10.0592
b1236	31.0231
b1237	44.686
b1238	11.6505
b1241	38.3221
b1242	5.0154
b1243	41.299
b1244	23.5613
b1245	28.3278
b1246	39.0039
b1247	28.806
b1248	29.5455
b1249	13.5866
b4595	23.2759
b1250	10.7257
b1251	22.8956
b1252	18.0556
b1253	14.5363
b1254	11.2963
b1255	12.5
b1256	4.8513
b1257	1.9724
b1258	0.8982
b1259	0
b1260	4.461
b1261	4.8157
b1262	3.1204
b1263	1.1278
b1264	0.9917
b1265	1.1111
b1266	10.6009
b1267	18.599
b1268	2.769
b1269	31.3927
b1270	7.7834
b1271	7.5099
b1272	12.5238
b1273	30.9524
b1274	26.0778
b1275	22.1026
b4522	10.303
b4523	10.7143
b1276	4.6525
b1277	33.0795
b1278	5.2288
b1279	19.4175
b1280	9.7863
b1281	10.6369
b1282	17.1254
b1283	2.968
b1284	17.6
b4596	20.6897
b1285	5.7905
b4672	1.4286
b1286	24.4444
b1287	3.0142
b1288	36.692
b1289	6.2147
b1290	11.0285
b1291	5.2367
b1292	7.5196
b1293	6.7288
b1294	7.7251
b1295	4.6748
b1296	1.443
b1297	2.4313
b1298	4.6405
b1299	6.5412
b1300	1.4449
b1301	0.9758
b1302	0.7109
b1303	3.6299
b1304	17.8625
b1305	7.1111
b1306	3.6111
b1307	6.3063
b1308	18.8889
b1309	2.1429
b1310	0.8507
b1311	0.4535
b1312	0.5931
b1313	0.4274
b1314	0.6971
b1315	0.6629
b1316	0.3968
b1317	0.303
b1319	1.1589
b1320	3.0531
b1321	3.5765
b1322	5.0377
b1323	18.4176
b1324	56.8047
b1325	7.764
b1326	7.8875
b1327	2.0087
b1328	5.2778
b1329	21.2515
b1330	9.157
b1331	17.5025
b1332	29.6512
b1333	30.021
b1334	32.4701
b1335	2.907
b1336	0.3274
b1337	0.9682
b1338	0.3814
b1339	4.0704
b1340	3.1028
b1341	1.987
b1342	4.1667
b1343	4.2213
b1344	17.2543
b1345	3.479
b1346	0.463
b1347	0.9524
b1348	0.5128
b1349	1.9136
b1350	1.115
b1351	0.3623
b4526	0.2924
b1352	0.4505
b1353	1.8405
b4527	0.3205
b1355	2.2222
b1356	20.1258
b1357	3.0303
b1358	2.0095
b1359	0.5828
b1360	0.4016
b4528	0.5376
b1363	5.144
b1365	1.1364
b1370	3.6188
b1372	0.565
b1373	1.8229
b1374	6.2606
b1375	5.1282
b1376	12.9885
b1377	0.7055
b1378	13.1915
b4529	9.3633
b1379	14.539
b1380	15.8081
b1381	4.8485
b1382	9.1398
b1383	7.4924
b1384	2.0419
b1385	1.8
b1386	0.7476
b1387	0.0489
b1388	0.4839
b1389	0.6944
b1390	0.5355
b1391	0.7028
b1392	0.3268
b1393	0.1953
b1394	0.4436
b1395	0.3501
b1396	0.591
b1397	1.7828
b1398	2.0548
b1399	4.7319
b1400	5.1607
b4674	0
b1402	9.2715
b1403	21.0383
b1404	8.8108
b1406	2.6713
b1407	0.9103
b1408	0.33
b1409	0.3344
b1410	1.223
b1411	0.8507
b1412	9.4059
b1413	10.0564
b1414	6.367
b1415	17.0139
b1418	25.6121
b1419	11.7816
b4428	18.3333
b1420	18.75
b1421	2.7118
b1422	6.1147
b1423	1.7857
b1424	15.6703
b1426	6.2222
b1427	11.2037
b1428	1.8858
b1429	7.5529
b1430	17.5926
b1431	23.5426
b1432	7.6588
b1433	1.8707
b1434	5.6797
b1435	11.6208
b1436	0.4329
b4532	8.4746
b1438	3.717
b1439	3.9446
b1440	1.3089
b1441	0.9369
b1442	0.6369
b1443	0.3145
b1444	1.0175
b4598	36.9792
b1445	4.3103
b1446	30.5556
b1447	4.7778
b1448	8.7669
b1449	2.5048
b1450	2.5526
b1451	6.8949
b1452	21.0452
b1453	3.0333
b1454	0.89
b1455	0.2347
b1457	6.8323
b1460	0.5717
b1461	8.9744
b1462	1.0526
b1463	1.3593
b1464	5.9843
b1465	0.3671
b1466	0.2155
b1467	0.5178
b1468	0.842
b1469	0.324
b1473	4.1383
b1474	12.3688
b1475	4.2938
b1476	4.1284
b1477	9.1228
b1478	3.5114
b1479	28.2097
b1480	18.1159
b1481	0.2315
b1482	9.0278
b1483	1.6721
b1484	0.5572
b1485	0.7804
b1486	0.5376
b1487	0.7415
b1488	0.5155
b1489	1.1667
b1490	4.2299
b1491	6.8182
b1492	1.3346
b1493	1.3205
b1494	3.4156
b1495	1.8331
b1496	1.0083
b1497	1.943
b1498	2.347
b1499	0.2625
b1500	0
b1501	1.1623
b1502	0.5464
b1503	1.5873
b1504	1.3183
b1507	3.7037
b1508	9.5506
b1511	1.8832
b1512	3.6688
b1513	0.5859
b1514	0.4373
b1515	0.7553
b1516	0.8309
b1517	2.1119
b1518	1.0309
b1519	2.0422
b1520	3.0601
b1521	3.6501
b1522	3.2173
b1523	6.8056
b1524	8.1985
b1525	2.5918
b1526	3.0612
b1527	0.6272
b1528	1.4274
b1529	5.8559
b1530	9.5402
b1531	33.8542
b1532	18.2648
b1533	2.1667
b1534	3.7037
b4599	14.5833
b1535	9.5398
b1536	0.8906
b1537	1.1561
b1538	8.4066
b1539	26.8407
b1540	21.8341
b1541	13.7255
b1542	1.1636
b1544	5.7692
b1545	5.4992
b1546	1.5625
b1547	0.5711
b4533	1.4957
b1549	3.4063
b1550	34.1954
b1551	0
b1552	2.1127
b1553	0.1004
b4689	0
b1554	0.6554
b1555	1.9231
b1556	1.1574
b1557	26.6204
b1558	15.9624
b1559	0.8632
b1560	1.8095
b1561	3.7698
b1562	25.641
b1563	22.0486
b1564	19.375
b1565	6.8627
b1566	1.6517
b1569	1.0823
b1570	19.7304
b1571	2.2436
b1572	1.1628
b1573	3.653
b1575	0.5291
b1576	0.7813
b1580	1.6667
b1581	0.9877
b1582	3.8226
b1583	26.462
b1584	29.59
b1585	8.8608
b1586	8.8235
b1587	1.6275
b1588	1.0932
b1589	0.7282
b1590	4.0351
b1591	8.2114
b1592	2.5457
b1593	25.9339
b1594	14.4144
b1595	2.0134
b1596	3.9474
b1597	2.7508
b4601	1.1905
b1598	7.9075
b1599	2.5758
b1600	5.0546
b1601	1.8841
b1602	20.5544
b1603	23.9726
b1604	18.6772
b1605	5.3507
b1606	7.1923
b1607	6.8452
b1608	20.8333
b1609	15.8218
b1610	5.3763
b1611	3.2407
b1612	15.2702
b1613	21.5986
b1614	25.5136
b1615	0.4739
b1616	0.5822
b1617	1.1589
b1618	10.9983
b1619	14.0625
b1620	2.964
b1621	5.3986
b1622	7.0332
b1623	22.1557
b1624	11.3833
b4409	32.9365
b1625	23.3796
b1626	24.4898
b1627	14.0893
b1628	16.3212
b1629	11.7184
b1630	12.0397
b1631	9.8229
b1632	20.9052
b1633	24.6855
b1634	31.3373
b1635	11.7162
b1636	17.0139
b1637	29.7647
b1638	14.3836
b1639	8.6364
b1640	5.8108
b1641	42.9487
b1642	31.3793
b1643	8.0169
b1644	6.993
b1645	2.6329
b1646	5.8429
b1647	10.1449
b1648	2.2917
b1649	3.25
b1650	10.1548
b1651	29.1667
b1652	14.3519
b1653	1.9168
b1654	40.3736
b1655	12.3162
b1656	41.4948
b1657	4.8718
b4602	28.3333
b1658	20.5653
b1659	4.8232
b1660	13.4488
b1661	17.537
b1662	21.4953
b1663	11.6812
b1664	13.0072
b1667	27.1242
b1668	2.8349
b1669	1.4145
b1670	0.6997
b1671	1.1958
b1672	0.9259
b1673	0.6657
b1674	1.1962
b1675	4.5238
b1676	38.7827
b1677	48.3122
b1678	6.2687
b1679	7.3141
b1680	6.2654
b1681	8.2547
b1682	7.3628
b1683	10.4167
b1684	10.4336
b1685	8.7302
b1686	3.163
b1687	4.6941
b1688	10.1527
b1689	0.4202
b1690	0.2881
b1691	0.2765
b1692	1.2687
b1693	5.2042
b1694	0.5013
b1695	0.8247
b1696	4.057
b1697	0.9804
b1698	0.3195
b1699	0.3488
b1700	0.6803
b1701	0.85
b1702	25.3258
b1703	7.3141
b1704	12.3209
b1705	33.5938
b1706	17.5713
b1707	5.5322
b1708	15.4839
b1709	10.1333
b1710	12.2283
b1711	6.5749
b1712	31.6667
b1713	33.8987
b1714	32.1138
b1715	0
b1716	44.6779
b1717	43.4343
b1718	46.2247
b1719	45.464
b4535	1.8519
b1722	19.5652
b1723	12.1505
b1724	6.8729
b1725	8.072
b1726	9.9628
b1727	15.0224
b1728	2.8765
b1729	5.3161
b1730	1.1816
b1731	7.2016
b1732	1.7905
b1733	2.1333
b1734	1.7738
b1735	6.6429
b1736	6.8376
b1737	2.2811
b1738	7.0093
b1739	10.0295
b1740	19.7464
b1741	4.6171
b1742	1.2153
b1743	9.465
b1744	0.516
b1745	0.558
b1746	0.6761
b1747	0.7246
b1748	0.7781
b1749	13.3209
b1750	3.0239
b1751	1.7699
b1752	2.1186
b1753	2.0947
b1754	2.3993
b1755	0.8789
b1756	2.5994
b1757	9.2125
b1758	2.9791
b1759	2.3284
b1760	6.044
b1761	11.0491
b1762	5.5716
b1763	16.6412
b1764	27.7299
b1765	20.471
b1766	14.5665
b1767	20.1573
b1768	22.6636
b1769	1.3613
b1770	15.3491
b1771	3.16
b1772	0.4219
b1773	1.0753
b1774	0.3831
b1775	0.2899
b1776	1.2535
b1777	22.1612
b1778	25.7246
b1779	48.0924
b1780	11.5254
b1781	7.5439
b1782	38.4873
b1783	3.7209
b1784	0.8567
b1785	1.4228
b1786	8.1154
b1787	6.8452
b1788	2.381
b1789	5.3691
b1790	4.2579
b1791	1.3959
b1792	8.6207
b1793	3.7255
b1794	18.5673
b4676	12.6263
b4675	13.3333
b1795	15.4618
b1796	4.6448
b1797	4.0278
b1798	9.7027
b1799	7.5216
b1800	0.9208
b1801	0.3112
b1802	0.6667
b1803	1.2422
b1804	9.4415
b1805	10.2017
b1806	11.7698
b1807	18.8218
b1808	4.8142
b1809	24.4928
b1810	10.8333
b1811	14.4444
b1812	5.2496
b1813	8.0311
b1814	25.6777
b1815	1.4697
b1816	6.8401
b1817	40.2263
b1818	39.4507
b1819	36.385
b1820	14.7059
b1821	3.6155
b1822	9.7531
b1823	44.2857
b1824	46.875
b1825	25.5208
b1826	17.7083
b4536	9.5833
b1827	14.1414
b1828	1.4556
b1829	30.1587
b1830	29.5022
b1831	41.2017
b1832	29.8193
b1833	9.5016
b1834	7.3652
b1835	5.5903
b1836	6.962
b1837	4.6875
b1838	2.4353
b1839	32.6023
b1840	25.6014
b1841	29.7333
b1842	35.0649
b1843	6.1644
b1844	13.0468
b1845	4.6822
b1846	6.6667
b1847	19.3277
b1848	22.6804
b1849	1.7812
b1850	26.5576
b1851	7.2296
b1852	37.6694
b1853	25.8621
b1854	32.2245
b1855	20.9362
b1856	17.6493
b1857	21.0075
b1858	11.5079
b1859	5.2799
b1860	13.6004
b1861	14.6242
b4677	0.7576
b1862	3.2338
b1863	27.0115
b1864	35.0202
b1865	32.7815
b1866	36.9148
b1867	8.2011
b1868	3.7851
b1869	12.6263
b1870	13.3065
b1871	12.0885
b1872	1.5638
b1873	0.8174
b1874	13.3199
b1875	12.963
b1876	25.0577
b1877	4.8057
b1878	2.0356
b1879	1.3468
b1880	1.0879
b1881	0.9302
b1882	2.1795
b1883	0.4286
b1884	0.2323
b1885	0.5618
b1886	0.722
b1887	1.7857
b1888	0.9669
b1889	0.7012
b1890	1.2387
b1891	13.2988
b1892	18.9459
b1893	6.3492
b1894	9.2391
b1895	3.9627
b1896	5.0526
b1897	2.9338
b4460	1.2665
b1900	1.2871
b1901	0.8081
b1902	15.377
b4537	23.8095
b4663	1.7241
b1904	0.9259
b1905	27.1084
b1906	11.4583
b1907	5.9406
b1908	13.8889
b1912	16.4845
b1913	15.9574
b1914	21.1568
b1915	21.1111
b1916	26.1411
b1917	10.8234
b1918	8.1465
b1919	6.383
b1920	12.422
b1921	1.8116
b1922	2.4306
b1923	7.6152
b1924	0.8884
b1925	0.7299
b1926	1.5027
b1927	3.1922
b1928	19.4444
b1929	8.0017
b1930	7.906
b1931	1.8685
b1932	1.1458
b1937	0.3175
b1938	1.1754
b1939	1.8574
b1940	2.0378
b1941	0.4003
b1942	1.1261
b1943	0.5319
b1944	1.9355
b1945	3.2338
b1946	1.6908
b1947	0.8197
b1948	0.6098
b1949	1.4815
b1950	0.6361
b1951	4.8878
b1952	10.582
b1953	8.114
b1955	1.7157
b1956	4.8968
b1957	3.0055
b1958	5.3377
b1959	1.4115
b1960	9.448
b1961	13.8478
b1962	3.3764
b1963	3.2787
b1967	5.7512
b1968	9.014
b1969	6.994
b1970	2.5362
b1971	2.7363
b1972	2.7516
b1973	4.7619
b1974	1.3183
b1976	24.2481
b1978	2.2114
b1981	9.8709
b1982	14.6735
b1983	34.728
b1985	1.0753
b1987	4.1535
b1988	0.9804
b1990	12.0043
b1991	2.8704
b1992	2.1505
b1993	7.6007
b1994	16.1259
b1996	10.0993
b1997	20.4918
b2000	26.3301
b2001	10.3066
b2002	4.698
b2003	2.2523
b2004	0.6775
b2005	2.1333
b2007	34.8485
b2008	5.9018
b2009	4.2194
b2010	1.4567
b2011	9.3137
b2012	4.1667
b2013	1.8414
b2014	32.8182
b4678	11.1111
b2015	3.871
b2016	19.8182
b4539	15.2941
b2017	16.6667
b2018	11.7647
b2019	5.7222
b2020	4.9042
b2021	6.676
b2022	9.2228
b2023	4.2301
b2024	4.6748
b2025	10.296
b2026	13.8072
b2027	38.8889
b2028	5.6555
b2029	42.7861
b2030	17.6008
b2032	42.0018
b2033	30.0338
b2034	38.0161
b2035	25.964
b2036	33.1975
b2037	26.9631
b2038	28.4946
b2039	33.7302
b2040	31.3889
b2041	31.6298
b2042	35.179
b2043	1.7921
b2044	0.7371
b2045	0.5464
b2046	0.2705
b2047	0.3943
b2048	0.3282
b2049	0.4523
b2050	0.1225
b2051	0.2083
b2052	0.5694
b2053	0.5793
b2054	0.0911
b2055	0.2008
b2056	0.2463
b2057	0.1642
b2058	0.7157
b2059	0.5952
b2060	0.393
b2061	0.2252
b2062	0.2193
b2063	6.029
b2064	13.5383
b2065	20.6186
b2066	23.8318
b2067	2.2755
b2068	2.2968
b2069	4.2868
b2070	1.6949
b2071	1.8398
b2072	0.3937
b2073	0.9091
b4667	20
b4668	14.0351
b2074	1.883
b2075	2.5776
b2076	2.3067
b2077	1.6243
b2078	2.0655
b2079	6.2932
b2080	1.952
b2081	12.7753
b2082	4.5662
b2085	0.9434
b2086	3.2778
b2088	7.3333
b2089	2.3645
b2091	10.4227
b2093	31.4035
b2094	38.8521
b2095	40.8947
b2096	41.1111
b2097	3.8462
b2098	1.0955
b2099	1.8408
b2100	2.4845
b2101	3.6145
b2102	2.8694
b2103	6.8664
b2104	4.4994
b2105	5.1282
b2106	3.6364
b2107	14.6018
b2108	1.3043
b2109	0.6651
b2110	0.4167
b2111	5.2486
b2112	2.305
b2113	24.0991
b2114	26.9666
b2118	1.2662
b4541	0.3145
b2119	0.4132
b2120	0.636
b2121	0.6596
b2123	2.4892
b2124	16.6667
b2125	8.75
b2126	5.3381
b2127	1.571
b4542	7.8704
b2128	1.9126
b2129	1.1866
b2130	0.475
b2131	2.8322
b2132	13.2289
b2133	10.8974
b2134	14.8982
b2135	1.8707
b2136	3.886
b2137	0.9843
b4679	3.5714
b2140	5.1688
b2141	3.2581
b2142	3.9511
b2143	38.2486
b2144	10.625
b2145	12.2917
b2146	1.6142
b2147	1.4159
b2148	5.5391
b2149	5.687
b2150	10.4605
b2151	2.0173
b2152	7.1675
b2153	26.6816
b2154	16.5472
b2155	24.1968
b2156	18.7415
b2157	12.0181
b2158	4.1905
b2159	15.035
b2160	7.0707
b2161	0.3997
b2162	0.2123
b2163	1.2121
b2164	1.9185
b2165	0.4792
b2166	0.7431
b2167	6.5012
b2168	4.7391
b2169	11.1406
b2170	2.1574
b4502	4.1176
b2171	30.2792
b2172	3.272
b2173	10.4863
b2174	17.1569
b2175	42.6808
b2176	7.8035
b2177	6.2534
b2178	4.2466
b2179	4.6784
b2180	11.1321
b2181	16.2319
b2182	10.9152
b2183	20.6178
b2184	3.4923
b2185	43.8596
b2186	26.4385
b2187	26.9737
b2188	18.0863
b2192	18.2399
b2193	7.2531
b2194	4.3685
b2195	5.1075
b2196	1.5175
b2197	2.2917
b2198	2.619
b2199	2.439
b2200	3.3937
b2201	9.6955
b2202	6.4677
b2203	1.1111
b2204	2.7199
b2205	3.1609
b2206	14.9176
b2207	18.5606
b2208	19.596
b2209	21.4724
b2210	9.4414
b2211	12.4088
b2212	2.765
b2213	4.0376
b2214	7.8598
b2215	48.6413
b2216	16.835
b2217	31.5668
b2218	10.4737
b2219	3.4483
b2220	2.7417
b2221	0.2262
b2222	0.1536
b2223	0.4157
b2224	0.6751
b2225	1.0296
b2226	0.7576
b2229	1.2019
b2230	1.421
b2231	35.1979
b2232	14.0387
b2233	1.3589
b2234	24.2126
b2235	29.8851
b2236	13.3333
b2237	11.5975
b2239	31.9406
b2240	31.4202
b2241	30.9699
b2242	20.0794
b2243	10.2435
b2244	4.0556
b2245	1.7413
b2246	0.3876
b2247	0.7877
b2248	0.6386
b2249	13.9651
b2250	3.1308
b2251	7.9812
b2252	2.2388
b2253	0.9649
b2254	0.8772
b2255	5.1942
b2256	2.4691
b2257	1.2099
b4544	1.7857
b2258	4.7804
b2259	15.1685
b2260	8.3702
b2261	15.6802
b2262	20.8625
b2263	5.5995
b2264	9.6349
b2265	11.6127
b2266	17.9739
b2267	7.5758
b2268	10.6754
b2269	1.0314
b2270	1.1863
b2271	0.1543
b2272	1.3889
b2273	0.2789
b2274	1.3002
b2275	5.1237
b2276	30.2812
b2277	29.0523
b2278	24.8643
b2279	23.9274
b2280	21.7117
b2281	30.8471
b2282	35.4806
b2283	34.8368
b2284	35.9118
b2285	38.8224
b2286	39.1681
b2287	41.3273
b2288	37.2748
b2289	7.934
b2290	17.9392
b2291	11.1667
b2292	9.6563
b2293	14.8233
b2294	23.3333
b2295	9.5395
b2296	47.9634
b2297	41.7716
b2298	4.5694
b2299	19.1529
b2300	14.4144
b2301	2.0155
b2302	2.9321
b2303	30.0275
b2304	19.7427
b2305	2.413
b2306	1.5504
b2307	2.6499
b2308	2.2562
b2309	9.4508
b2310	4.47
b2311	3.4211
b2312	7.5099
b2313	11.9632
b2314	16.7421
b2315	11.1111
b2316	36.0109
b2317	16.9697
b2318	16.8512
b2319	18.5897
b2320	21.0642
b2321	9.0361
b2322	4.4529
b2323	28.665
b2324	6.9008
b2325	11.1111
b2326	19.49
b2327	12.963
b2328	15.1515
b2329	17.4033
b2330	26.3666
b2331	12.1377
b2332	11.8005
b2333	1.3889
b2334	1.1247
b2335	0.6823
b2336	0.5312
b2339	0.4433
b2340	22.1193
b2341	2.6807
b2342	4.9199
b2343	33.6842
b2344	30.8725
b2345	2.8801
b2346	26.9841
b2347	2.09
b2349	10.4059
b2350	23.9669
b2351	32.519
b2352	35.3228
b2354	2.6077
b2357	0.101
b2359	0.2755
b2360	1.2727
b2361	0.0931
b2362	0.4132
b2363	2.2876
b4501	17.6617
b2364	5.1282
b2365	4.6712
b2366	8.3898
b2367	0.5523
b2368	0.4296
b2369	20.6504
b2370	9.3767
b2371	0.6545
b2372	0.582
b2373	0.7375
b2374	0.9592
b2375	1.1792
b2376	0
b2377	2.6749
b2378	11.835
b4680	2.7778
b2379	4.0759
b2380	5.9187
b2381	13.0612
b2382	2.0979
b2383	1.1619
b2384	0.1927
b2385	0.2302
b2386	0.1202
b2387	0.6116
b2388	18.1159
b2389	4.813
b2390	5.3517
b2392	7.1429
b2393	32.4605
b2394	19.8113
b2395	6.6438
b2398	22.029
b2399	13.8677
b2400	34.6398
b2405	3.2203
b2406	1.6309
b2407	0.5995
b2408	1.0458
b2409	2.8047
b2410	6.1562
b4546	12.1005
b2411	10.6895
b2412	30.0405
b2413	13.5827
b2414	23.0453
b2415	45.3488
b2416	48.0613
b2417	45
b2418	9.2723
b2419	3.0667
b2420	7.415
b2421	2.2478
b2422	0.8652
b2423	0.9132
b2424	0.3597
b2425	0.59
b2426	24.8737
b2427	2.3893
b2428	12.4861
b2429	5.4386
b2430	3.6398
b2431	29.5
b2432	14.4965
b2433	4.5556
b2434	14.2019
b2435	13.5057
b2436	5.8889
b2437	2.4691
b2438	2.7944
b2439	2.4242
b2440	5.5743
b2441	11.3436
b2442	8.1059
b2443	7.5545
b2444	0.6098
b2445	0.4065
b2446	0.2398
b2447	0.4209
b2448	1.3228
b2449	4.8346
b2450	10.1852
b2451	0.5698
b2452	0.489
b2453	0.2104
b2454	0.1195
b2455	0.1425
b2456	0.1736
b2457	1.1905
b2458	0.3441
b2459	0.4353
b2460	0.2137
b2461	0.5208
b2462	0
b2463	11.6886
b2464	4.7844
b2465	3.5928
b2466	4.454
b2467	9.809
b2468	5.404
b2469	4.027
b2470	1.8304
b4606	15
b2471	22.6891
b2472	18.1738
b4547	15.4229
b2473	5.4363
b2474	4.5387
b2475	7.5231
b2476	9.8039
b2477	38.744
b2478	37.2582
b2479	24.6946
b2480	27.1762
b2481	0.2427
b2482	0.3467
b2483	0.1055
b2484	0.2431
b2485	0.3072
b2486	1.3283
b2487	0.8393
b2488	0.5495
b2489	0.4611
b2490	0.3623
b2491	1.0184
b2492	1.3545
b2493	6.7326
b2494	10.7923
b2495	19.8611
b2496	17.094
b2497	5.969
b2498	36.5231
b2499	3.3719
b2500	6.1815
b2501	14.0542
b2502	9.5331
b2503	2.139
b2504	8.0729
b2505	1.0597
b2506	1.9444
b2507	30.9886
b2508	17.8937
b2509	14.2232
b2510	23.8426
b2511	26.1711
b2512	31.5522
b2513	25.9259
b2514	36.3529
b2515	32.5737
b2516	28.0079
b2517	28.355
b2518	32.8704
b2519	2.6157
b2520	10.0564
b2521	25.0591
b2522	19.5624
b2523	22.2352
b2524	27.3632
b2525	32.8869
b2526	23.6089
b2527	20.155
b2528	37.963
b2529	34.7545
b2530	35.7202
b2531	24.9489
b2532	19.8381
b2533	32.3383
b2534	1.345
b2535	19.3989
b2536	5.0877
b2537	3.1987
b4706	0
b2538	1.395
b2539	1.0597
b2540	0.6231
b2541	2.091
b2542	1.2053
b2543	1.6548
b2544	1.7182
b2545	1.3183
b2546	0.2002
b2547	0.6944
b2548	0.6606
b2549	0.5332
b2550	3.9363
b2551	38.1579
b2552	5.7095
b2553	26.5487
b2554	5.2434
b2555	9.4538
b2556	6.8627
b2557	3.1893
b2558	5.684
b2559	12.3016
b2560	20.4403
b2561	7.8327
b2562	11.8774
b4687	18.5185
b2563	12.336
b2564	19.2623
b2565	11.6598
b2566	22.2958
b2567	27.9001
b2568	32.2564
b2569	25.4444
b2570	13.3333
b2571	26.5935
b2572	37.0968
b2573	31.25
b2574	2.9267
b2575	3.3198
b2576	13.221
b2577	3.7415
b2578	1.6156
b2579	43.75
b2580	11.8841
b2581	20.8574
b2582	17.7381
b2583	6.7954
b2584	7.4596
b2585	30.5678
b2586	16.5123
b2587	34.1416
b2592	23.8928
b2593	11.7486
b2594	16.055
b2595	37.3306
b2597	45.4678
b2598	3.125
b2599	12.8768
b2600	9.492
b2601	8.31
b2602	4.7814
b2603	14.6435
b2604	10.4727
b2605	11.9048
b2606	45.1149
b2607	47.0052
b2608	46.2659
b2609	43.9759
b2610	26.3583
b2611	12.1843
b4461	9.0132
b2614	43.0976
b2615	10.7509
b2616	11.3117
b2617	26.1696
b2618	7.2165
b2619	19.392
b2620	15.735
b2622	14.694
b2623	6.0606
b2624	1.8779
b2625	4.4326
b2626	0.8772
b2627	6.7808
b2628	12.8324
b2629	2.6515
b2630	26.6294
b2631	20.8333
b2632	1.5046
b2633	0.365
b2634	1.4957
b2635	3.7975
b2636	0.7883
b2637	2.4573
b2642	4.4894
b2643	0.6536
b2644	0.207
b4548	0.995
b2645	0.4717
b2646	1.5152
b2647	1.5608
b2659	1.1247
b2660	0.7092
b2661	0.8627
b2662	1.3661
b2663	0.6781
b2664	4.902
b2665	10.8889
b2666	4.4025
b2667	12.8333
b2668	5.5238
b2669	20.4938
b2670	6.6667
b2671	3.0435
b2672	4.697
b2673	11.5854
b2674	10.8273
b2675	4.5921
b2676	7.7083
b2677	16.3342
b2678	10.8451
b2679	13.0916
b2682	10.1626
b2683	8.0357
b2684	20.904
b2685	7.5021
b2686	6.3353
b2687	35.4651
b2688	30.0257
b2689	18.5315
b2690	12.6102
b2696	37.0968
b2697	36.26
b2698	3.0938
b2699	37.0056
b2700	9.4378
b2701	6.2155
b2702	6.8262
b2703	4.4792
b2704	2.957
b2705	8.7179
b2706	1.9444
b2707	14.5349
b2708	9.2133
b2709	3.6964
b2710	0.9028
b2711	1.1023
b2712	2.5078
b2713	0.7576
b2714	1.6815
b2715	1.9204
b2716	1.7895
b2717	6.3694
b2718	6.5693
b2719	1.6276
b2720	0.4604
b2721	0.7018
b2722	0.1623
b2723	0.3284
b2724	0.1634
b2725	0.6494
b2726	7.8348
b2727	9.1638
b2728	8.0586
b2729	4.8574
b2730	4.3521
b2731	2.2607
b2732	4.8023
b2733	14.2662
b2734	1.7504
b2735	9.4401
b2736	1.2101
b2737	1.7566
b2738	1.0172
b2739	1.3514
b2740	1.7949
b2741	34.7432
b2742	17.0175
b2743	15.949
b2744	15.9449
b2745	21.7619
b2746	13.6458
b2747	11.744
b2748	22.5962
b2749	2.9321
b2750	1.0726
b2751	0.8053
b2752	1.3201
b2753	4.9133
b2754	1.7544
b2755	2.6688
b2756	2.3333
b2757	2.2222
b2758	1.6484
b2759	1.2422
b2760	0.4639
b2761	1.7998
b2762	2.3129
b2763	1.2259
b2764	1.0278
b2765	14.4809
b2766	4.3632
b2767	2.8736
b2768	4.6875
b2769	0.6969
b2770	0.5769
b2771	0.2616
b4463	0.5155
b2774	0.1272
b2775	0.2347
b2776	0.6085
b2777	5.9524
b4682	0.3546
b2778	0.8591
b2779	48.1909
b2780	42.0024
b2781	10.7323
b2782	11.3095
b2783	14.0562
b2784	15.8389
b2785	15.8986
b2786	9.1041
b2787	1.0067
b2788	0.522
b2789	0.1109
b2790	19.3333
b2791	10.281
b2792	12.2727
b2793	11.0806
b2794	20.6714
b2795	21.8681
b2796	36.0465
b2797	25.731
b2798	6.4153
b2799	2.4369
b2800	1.929
b2801	1.5186
b2802	1.83
b2803	2.2551
b2804	5.2009
b2805	19.6038
b2806	13.1244
b2807	5.4293
b2808	6.7538
b2809	17.3246
b2810	9.4942
b2811	11.1486
b2812	8.9839
b2813	13.7067
b2817	13.1579
b2818	2.4399
b2819	7.9639
b2820	8.4956
b2821	9.1381
b2822	10.2256
b2823	2.9321
b2824	0.7353
b2825	1.5957
b2826	0.4246
b2827	27.4843
b2828	12.2146
b2829	19.1144
b2830	24.8588
b2831	6.7391
b2832	9.944
b2833	27.6256
b2834	19.9808
b2835	5.2764
b2836	8.1019
b2837	9.2539
b2838	2.6524
b2839	5.3953
b2840	5.8442
b2841	5.2854
b2842	4.8556
b2843	3.2258
b2844	10.1946
b2845	16.0976
b2846	2.6066
b2847	4.6296
b2848	3.9337
b4683	1.8519
b2849	0.7042
b2851	0.3049
b2852	0.7625
b2853	0.9132
b2860	9.8786
b2861	19.9454
b2865	10.9788
b2866	1.1952
b2867	0.9101
b2868	1.1458
b2869	15.8235
b2870	0.2519
b2871	1.1696
b2872	0.9488
b2873	0.3968
b2874	1.9829
b2875	1.3838
b2876	2.1401
b2877	8.8083
b2878	1.081
b2879	0.5643
b2880	1.0897
b2881	1.3932
b2882	0.8922
b2883	3.0682
b4464	2.2295
b2886	2.045
b2887	0.8333
b2888	0.3451
b4684	2.7778
b2889	7.0128
b2890	40.8762
b2891	38.7523
b2892	13.466
b2893	15.8931
b2894	14.437
b2895	26.5326
b2896	18.2598
b2897	38.015
b2898	27.37
b2899	7.8788
b2900	33.3333
b2901	15.6597
b2902	0.8737
b2903	10.6472
b2904	26.4103
b2905	20.5936
b2906	13.217
b2907	16.4546
b2908	27.7903
b2909	24.9568
b2910	43.3333
b2912	13.4791
b4665	17.5
b2913	14.1119
b2914	35.0758
b2916	13.7584
b2917	1.2354
b2918	0.9036
b2919	1.7176
b2920	1.4537
b2921	3.0658
b2922	17.7463
b2923	4.7956
b2924	13.5889
b2925	44.2593
b2926	42.9983
b2927	32.5
b2928	7.563
b2929	10.5882
b2930	0.3106
b4465	0.1174
b2933	0.576
b2934	1.0135
b2935	31.7771
b2936	19.2358
b2937	26.1129
b2938	34.1932
b2939	31.8182
b2940	33.3333
b2942	28.6147
b2943	13.1183
b2944	3.5141
b2945	2.8955
b2946	19.8087
b2947	21.714
b2948	24.0248
b2949	21.223
b2950	0.7645
b2951	17.6596
b2952	17.284
b2953	8.2474
b2954	14.5623
b2955	11.3017
b2956	2.9266
b2957	26.6476
b2958	14.1667
b2959	42.5076
b2960	20.9722
b2961	11.9183
b2962	28.0797
b2963	9.8611
b2964	30.2705
b2965	4.7753
b2966	5.7203
b2968	2.4209
b2971	1.7032
b2972	3.1481
b4466	2.6298
b2975	1.0398
b2976	4.2127
b2977	3.3333
b4467	2.1242
b4468	0.3324
b2979	0.5
b2980	3.3987
b2982	17.2566
b2983	1.5918
b2984	0.5929
b2985	0.6303
b2986	0.2165
b2987	0.4
b2988	9.3011
b2989	5.075
b2990	3.2129
b2991	1.1696
b2992	6.8507
b2993	11.0101
b2994	5.0469
b2995	3.7744
b2996	8.5613
b2997	14.7006
b2998	1.3889
b3001	3.5543
b3002	19.2929
b3003	0.8475
b3005	36.385
b3006	37.1429
b3008	6.271
b3009	11.4394
b3010	4.7022
b3011	18.299
b3012	8.3937
b3013	2.589
b3014	1.5504
b4469	13.2883
b3017	17.3036
b3018	21.8157
b3019	17.0208
b3020	12.0958
b3021	17.6768
b3022	25.7576
b3023	2.8986
b3024	18.8295
b3025	7.4242
b3026	3.8889
b3027	0.3003
b3028	15.5498
b3029	28.7302
b3030	15.5309
b3031	15.8935
b3032	16.9082
b3033	19.3853
b3034	10
b3035	37.753
b3037	16.6667
b3038	25.3661
b3039	2.1546
b3040	7.3643
b3041	32.7982
b3042	35.0515
b3043	1.8116
b3044	19.1257
b3045	10.4305
b3047	1.6667
b3048	2.9108
b3049	35.0746
b3050	1.1111
b3051	2.9483
b4664	27.5
b4666	22.5
b3052	10.9484
b3053	4.4703
b3054	3.9555
b3055	25.3623
b3056	13.3172
b3057	11.9221
b3058	7.0461
b3059	9.8706
b3060	5.1447
b3061	0.7675
b3062	0.165
b3063	0.8538
b3064	10.9467
b3065	37.037
b3066	21.3918
b3067	38.9522
b3068	6.3116
b3070	10.1961
b3071	8.1731
b3072	2.8271
b3073	1.558
b3074	0.7508
b3075	10.315
b3076	2.926
b3077	6.1111
b3078	1.4296
b3079	0.4669
b3080	0.7866
b3081	1.6592
b3082	2.2782
b3083	7.619
b3084	7.9156
b3085	4.5635
b3086	0.3608
b3087	7.0415
b3088	3.8302
b3089	11.2048
b3090	2.6268
b3091	6.4516
b3092	10.9342
b3093	1.8861
b3094	17.8893
b3095	21.4178
b3096	18.099
b3097	23.3062
b3098	24.6732
b3099	23.0864
b3100	18.3333
b3101	2.6718
b3102	4.2553
b3103	13.6612
b3104	1.2605
b3105	6.6332
b3106	1.7094
b3107	18.7879
b4470	7.2845
b3110	6.3814
b4471	2.6374
b3113	0.641
b3114	1.6558
b3115	2.316
b3116	4.9174
b3117	3.1818
b3118	9.4782
b3119	2.7397
b3120	1.1111
b3121	0.6734
b3124	2.1379
b3125	1.1864
b3126	0.7134
b3127	1.0112
b3128	2.799
b3129	20.6845
b3130	26.0215
b3131	18.8272
b3132	1.6003
b3133	4.0084
b3136	0.3896
b3137	0.9872
b3138	0.2096
b3139	0.4975
b3140	0.8207
b3141	0.9921
b3142	1.7949
b3143	0.7902
b3144	3.5757
b3145	4.8535
b3146	5.1684
b3147	14.6539
b3148	13.1313
b3149	10.7445
b3150	21.441
b3151	3.6023
b3152	0.7075
b3153	2.1195
b3154	3.8288
b3155	7.4257
b3156	22.7183
b3157	32.8571
b3158	13.3032
b3159	9.6701
b3160	9.8214
b3161	4.0964
b3162	43.0159
b4685	26.5432
b3163	47.2316
b3164	44.5459
b3165	41.8519
b3166	36.6667
b3167	27.1144
b3168	45.4358
b3169	38.6425
b3170	38.521
b3172	7.8497
b3173	2.0295
b3175	41.4414
b3176	25.5605
b3177	13.0742
b3178	42.9199
b3179	31.2698
b3180	60.3741
b3181	36.3732
b3182	7.2524
b3183	30.2643
b3184	20.0828
b3185	42.0543
b3186	44.2308
b3187	27.2634
b3188	8.2437
b3189	28.4127
b3190	23.7255
b3191	14.2857
b3192	30.9748
b3193	24.4565
b3194	16.4112
b3195	18.9506
b3196	13.5992
b3197	15.7548
b3198	24.515
b3199	23.6979
b3200	29.9283
b3201	26.1708
b3202	31.4854
b3203	35.5903
b3204	28.8618
b3205	20.5848
b3206	14.4689
b3207	38.4676
b3208	13.2373
b3209	8.945
b3210	17.3727
b3211	2.7419
b3212	12.9343
b3213	17.4066
b3214	6.4706
b3215	0.8148
b3216	4.3661
b3218	18.9774
b3219	5.4393
b3220	2.7039
b3221	12.043
b3222	6.2215
b3223	6.2319
b3224	10.0604
b3225	25.2237
b3226	15.3409
b3227	1.0965
b3228	31.5261
b3229	35.9155
b3230	47.0738
b3231	46.0373
b3232	7.4468
b3233	37.594
b3234	6.0673
b3235	9.5506
b3236	38.7646
b3237	32.9087
b3238	21.4015
b3239	2.381
b3240	2.2866
b3241	2.358
b3242	4.902
b3243	7.5806
b3244	17.7732
b4472	7.5638
b3247	18.8435
b3248	17.9293
b3249	10.0204
b3250	19.5199
b3251	34.1475
b3252	10.9222
b3253	11.2308
b3255	42.7813
b3256	41.6296
b3257	6.3786
b3258	9.3664
b3259	23.1293
b3260	39.3375
b3261	40.7407
b3262	1.5254
b3263	10.2778
b3264	0.6787
b3265	0.6908
b3266	1.6103
b3267	1.1261
b3269	0.6768
b3270	0.4529
b3271	1.581
b3279	15.4054
b3280	18.4109
b3281	9.4017
b3282	10.0349
b3283	20.9945
b3284	31.0127
b4473	6.0889
b3287	40.4902
b3288	30.3797
b3289	17.4419
b3290	12.4546
b3291	25.0608
b4550	2.5114
b3292	7.9812
b3293	13.0081
b3294	43.8802
b3295	48.6364
b3296	47.9871
b3297	46.5385
b3298	45.6583
b3299	35.8974
b3300	48.7613
b3301	47.1264
b3302	42.5
b3303	47.5198
b3304	46.0452
b3305	48.0337
b3306	44.6565
b3307	45.5882
b3308	48.1481
b3309	46.1905
b3310	47.5806
b3311	43.7255
b3312	42.1875
b3313	47.0803
b3314	48.1481
b3315	47.1471
b3316	45.6989
b3317	48.2968
b3318	46.3696
b3319	47.9373
b3320	47.7778
b3321	45.3526
b3322	2.9762
b3323	0.7483
b3324	2.0221
b3325	2.0481
b3326	1.5182
b3327	0.9607
b3328	0.7991
b3329	0.5882
b3330	0.2646
b3331	2.1259
b3332	2.7947
b3333	4.1667
b3334	4.0043
b3335	2.4336
b3336	18.239
b3337	10.5128
b3338	4.1945
b3339	48.3966
b3340	49.1489
b3341	46.3889
b3342	46.6667
b3343	19.4444
b3344	13.4722
b3345	15.7623
b3346	20.6086
b3347	43.3579
b3348	15.0685
b3349	40.1015
b4551	10.9453
b3350	2.4917
b3351	0.991
b3352	9.0909
b3353	8.1623
b3354	13.0137
b3355	12.1839
b3356	15.1852
b3357	45.8136
b3358	10.0333
b3359	2.8665
b3360	1.8617
b3361	2.6534
b3362	3.869
b3363	12.6527
b3364	12.9019
b3365	19.7524
b3366	4.893
b3367	2.8501
b3368	5.4221
b3369	3.869
b3370	0.0747
b3371	1.2219
b4474	1.0229
b3374	0.6997
b3375	6.5574
b3376	0.7366
b3377	0.5747
b3378	1.8362
b3379	1.2514
b3380	0.2852
b3381	0.3007
b3382	3.8567
b3383	5.3532
b3384	23.8806
b3385	15.6126
b3386	18.7316
b3387	15.9498
b3388	26.8454
b3389	21.4876
b3390	30.364
b3391	0.7667
b3392	0.4938
b3393	0.2268
b3394	0.5556
b3395	1.3462
b3396	7.1876
b3397	20.5882
b3398	9.574
b3399	13.4529
b3400	25.8706
b3401	25.5404
b3402	4
b3403	28.589
b3404	10.3843
b3405	28.5417
b3406	11.0063
b3407	14.4703
b3408	32.6754
b3409	32.4505
b3410	25.3165
b3411	4.835
b3412	5.5772
b3413	9.5029
b3414	31.1632
b3415	12.5664
b3416	9.7362
b3417	22.7652
b3418	34.9593
b4475	1.2291
b3421	2.3227
b3422	1.3446
b3424	12.9964
b3425	6.422
b3426	39.3758
b3428	15.7475
b3429	10.4951
b3430	10.5324
b3431	6.1297
b3432	11.2483
b3433	19.1123
b3434	5.1347
b4476	6.6741
b3437	11.553
b3438	12.1486
b3439	11.9253
b3440	18.9306
b3441	5.1125
b3442	0.6361
b3444	7.6087
b3445	7.6389
b3446	2.4561
b3447	1.5204
b3448	6.8027
b3449	8.9382
b3450	2.5677
b3451	0.6501
b3452	0.1126
b3453	0.8352
b3454	1.3305
b3455	2.2786
b3456	0.7825
b3457	0.4315
b3458	1.4414
b3459	9.8958
b3460	2.038
b3461	28.0117
b3462	13.8338
b3463	17.2646
b3464	18.909
b3465	10.2178
b3466	7.7778
b3467	6.8056
b3468	11.4833
b3469	13.8245
b3470	15.0407
b3471	8.4084
b3472	28.3154
b3473	4.844
b3474	1.1429
b3475	10.3741
b3476	18.6349
b3477	6.3492
b3478	2.6978
b3479	1.8954
b3480	2.2924
b3481	5.0995
b3482	0.9915
b3483	0.1302
b3484	1.0114
b3485	3.9556
b3486	3.9474
b3487	4.5412
b3488	1.2015
b3491	1.5195
b3492	8.2294
b3493	19.6333
b3494	6.25
b3495	40.5747
b3496	6.8707
b3497	7.3705
b3498	15.4919
b3499	13.5231
b3500	16.408
b4613	30.9524
b3501	3.1073
b3502	1.6279
b3503	5.1643
b3505	18.7807
b3506	6.1728
b3507	1.9774
b3508	0.6173
b3509	14.0673
b3510	30.7808
b3511	3.0541
b3512	2.2727
b3513	0.7772
b3514	2.0231
b3515	14.1289
b3516	14.7879
b3517	2.2841
b3518	2.5393
b3519	3.6364
b3520	3.068
b3521	3.2778
b3522	4.783
b3523	1.096
b3524	1.7467
b3525	0.4557
b3526	9.9462
b3527	8.4502
b3528	16.0062
b3529	5.7315
b3530	2.5187
b3531	1.084
b3532	2.2863
b3533	2.2528
b3535	6.0847
b3536	15.5852
b3537	7.5521
b3538	7.1131
b4453	8.3333
b3539	6.25
b3540	6.3682
b3541	3.5061
b3542	1.2735
b3543	2.3529
b3544	23.0721
b3546	11.0225
b3547	0.4963
b3548	4.4349
b3549	6.5603
b3550	3.8549
b3551	6.2982
b3552	10.0758
b3553	25.6923
b3554	28.7623
b3555	6.3574
b3556	43.1925
b4455	7.1895
b3557	4.5977
b3558	9.507
b3559	36.9565
b3560	37.1162
b4553	0.8333
b3561	2.4598
b3562	1.484
b3563	0.5848
b3564	1.0653
b3565	2.381
b3566	1.1078
b3567	3.5019
b3568	0.8883
b3569	3.011
b3570	2.0606
b3571	3.3727
b3572	13.9155
b3573	11.1814
b3574	4.8881
b3575	0.8509
b3576	0.641
b3577	0.211
b3578	0.2739
b3579	0.5572
b3580	0.4008
b3581	0.1508
b3582	0.6969
b3583	0.7902
b3584	1.0121
b3585	4.5641
b3586	0.8795
b3587	0.3086
b3588	0.7797
b3589	0.4774
b3590	9.3496
b3591	8.9799
b3592	9.1954
b3593	1.5481
b3594	5.1008
b3596	1.0823
b3597	0.9675
b3598	0.9642
b3599	5.6165
b3600	12.7067
b3601	20.4932
b4554	10.7143
b3602	14.7383
b3603	7.186
b3604	5.4698
b3605	7.6826
b3606	7.0675
b3607	18.7348
b3608	22.1569
b3609	38.5684
b3610	30.3571
b3611	29.0509
b3612	30.5825
b3613	13.4127
b3614	9.5833
b3615	3.913
b3616	29.6784
b3617	24.0602
b3618	17.3077
b3619	32.1008
b3620	17.3352
b3621	16.5104
b3622	25.5556
b3623	18.4823
b3624	20.1878
b3625	17.1674
b3626	22.8614
b3627	21.4706
b3628	18.0556
b3629	26.1218
b3630	18.8596
b3631	17.1111
b3632	16.715
b3633	11.5806
b3634	7.1875
b3635	3.7037
b3636	37.2024
b3637	43.2489
b3638	7.3991
b3639	17.6495
b3640	33.9912
b3641	15.1591
b3642	2.7259
b3644	25.2894
b3645	3.5152
b3646	10.7605
b3647	1.5746
b3648	34.375
b3649	41.3043
b3650	22.3329
b3651	14.6377
b3652	11.4073
b3653	10.3234
b3654	1.0417
b3655	8.9181
b3656	1.6386
b3657	0.6146
b3659	0.8439
b3660	8.7662
b3661	8.7912
b4555	3.2313
b3662	1.9731
b3663	5.4084
b3664	0.2247
b3665	4.5274
b3666	1.0057
b3667	2.3106
b3668	3.6261
b3669	6.6836
b3670	2.921
b3671	3.286
b3672	26.2626
b4618	5
b3673	5.2743
b3674	6.3253
b3675	6.8871
b3676	3.0172
b3677	3.7778
b3678	0.502
b3679	0.5536
b3680	2.2931
b3684	0.6276
b3685	5.3851
b3686	10.1399
b3687	15.7005
b3688	19.8198
b3689	6.891
b3690	0.6573
b3691	0.464
b4478	1.436
b4477	0.2427
b3693	1.479
b4479	6.087
b3696	10.0457
b3697	16.8512
b3698	2.8822
b3699	30.6004
b3700	12.9423
b3701	23.4332
b3702	23.3974
b3703	39.3617
b3704	27.3611
b4557	37.7907
b3705	38.6764
b3706	9.5238
b3707	16.6667
b3708	22.3517
b3709	3.2452
b3710	1.8282
b3711	6.1979
b3712	8.8
b3713	16.4903
b3714	10.3886
b3715	5.5556
b3716	4.9145
b3717	6.7177
b3718	1.7289
b3719	1.7521
b3720	0.7112
b3721	0.4246
b3722	2.3429
b3723	1.4934
b3724	19.4904
b3725	24.1602
b3726	14.6465
b3727	13.9583
b3728	20.7493
b3729	31.9945
b3730	20.1678
b3731	43.8095
b3732	47.4331
b3733	45.6019
b3734	48.5084
b3735	47.5655
b3736	47.1338
b3737	44.375
b3738	46.6299
b3739	31.6273
b3740	16.1859
b3741	19.9735
b3742	31.7568
b3743	5.0109
b3744	21.6012
b3745	11.2259
b3746	18.8043
b3747	8.3735
b3748	19.1667
b3749	13.8778
b3750	20.1346
b3751	19.697
b3752	13.6022
b3753	10.2719
b3754	5.3221
b3755	19.1919
b4480	7.5595
b3764	37.9056
b3765	3.1229
b3766	29.2929
b4669	5.8824
b3769	2.4621
b3770	4.6774
b3771	4.322
b3772	3.3657
b3773	7.1029
b3774	7.1138
b3775	15.4255
b3778	8.729
b3779	16.7003
b3780	30.6872
b3781	39.5455
b3783	40.9524
b3784	18.75
b3785	21.2034
b3786	18.0371
b3787	19.5962
b3788	18.633
b3789	13.7188
b3790	12
b3791	13.13
b3792	6.3149
b4481	7.4537
b3793	6.7997
b3794	7.8947
b3795	9.0909
b3800	3.1958
b3801	2.1135
b3802	15.7477
b3803	19.1201
b3804	19.6356
b3805	21.0191
b3806	20.4947
b3807	14.486
b4558	21.0784
b3809	23.2727
b3810	21.0452
b3811	9.1416
b3812	9.4142
b3813	10.749
b4482	2.0915
b3816	22.2923
b3817	5.5118
b3818	1.3123
b3819	4.6016
b3820	1.9231
b3821	12.5287
b3822	7.3497
b3823	5.2335
b3824	3.5427
b3825	10.6061
b3826	14.0449
b3827	2.0556
b3828	2.6205
b3829	2.4757
b3830	6.1887
b3831	43.0446
b3832	12.8501
b3833	27.4471
b3834	14.1089
b3835	18.9823
b3836	31.8519
b3838	34.2054
b3839	18.5328
b4483	6.8966
b3842	11.6564
b3843	22.5904
b3844	23.9316
b3845	1.8471
b3846	1.2785
b3847	20.9084
b3848	8.1301
b3849	8.4711
b3850	11.9963
b3856	3.2197
b3857	4.2735
b3858	21.8519
b3859	18.4904
b3860	28.3892
b3861	1.6771
b3862	5.1447
b3863	21.6541
b3865	20.4581
b3866	22.9412
b3867	11.936
b4686	26.5766
b3868	5.1418
b3869	6
b3870	32.4113
b3871	42.6809
b3872	11.3924
b3873	7.1356
b3874	2.2117
b3875	0.8658
b3876	0.9259
b3877	0.8297
b3878	0.2209
b3879	0.3776
b3880	1.248
b3881	0.7395
b3882	0.5017
b3883	0.3344
b3884	8.3333
b3885	7.3333
b3886	11.512
b3887	4.9087
b3888	6.2626
b3889	0.2347
b3890	2.5114
b3891	36.129
b3892	40.566
b3893	43.0786
b3894	40.5769
b3895	4.8561
b3896	2.036
b3897	0.6003
b3898	0.6069
b3899	0.5854
b3900	0.2237
b3901	1.9048
b3902	0.2424
b3903	0.5952
b3904	0.2041
b3905	1.0753
b3906	0.9423
b3907	1.0628
b3908	44.525
b3909	1.2195
b3910	5.8519
b3911	11.8632
b3912	22.3176
b4484	23.5529
b3915	11.0188
b3916	36.3967
b3917	1.9192
b3918	6.9444
b3919	43.0339
b3920	5.9167
b3921	5.7823
b3922	14.1667
b3923	24.2424
b3924	8.4337
b3925	20.7221
b3926	44.0689
b3927	41.253
b3928	40.6504
b3929	27.2634
b3930	5.6095
b3931	30.1802
b3932	31.3559
b3933	14.0104
b3934	15.2534
b3935	4.4338
b3936	35.6808
b3937	7.9639
b3938	16.3522
b3939	4.6512
b3940	6.0214
b3941	2.5253
b3942	21.481
b3943	2.0419
b3944	0.5663
b3945	6.6576
b3946	1.5837
b3947	1.1391
b3949	0.5556
b3950	0.1558
b3951	1.0661
b3952	0.2275
b3953	0.731
b3954	2.7582
b3955	17.9066
b3956	15.5732
b3957	11.5885
b3958	1.8905
b3959	2.8314
b3960	2.6929
b3961	16.0675
b3962	24.3754
b3963	30.7099
b3964	26.5278
b3965	19.6639
b3966	17.0732
b3967	19.697
b3972	16.4723
b3973	16.7184
b3974	20.5573
b3980	48.6076
b3981	43.6198
b3982	33.9744
b3983	46.3869
b3984	48.2979
b3985	47.3896
b3986	46.5847
b3987	45.1973
b3988	47.4195
b3989	7.2222
b3990	2.6896
b3991	2.7237
b4407	2.7363
b3992	1.9841
b3993	1.5723
b3994	1.4504
b3995	16.8763
b3996	6.137
b3997	17.1831
b3998	10.7143
b3999	21.7428
b4000	42.8571
b4001	13.5057
b4002	1.6432
b4003	2.1459
b4004	1.8854
b4005	3.9147
b4006	3.3648
b4011	4.6875
b4012	2.4775
b4013	2.8495
b4014	14.7004
b4015	10.9195
b4016	4.3466
b4017	1.3946
b4018	13.6364
b4019	6.4604
b4020	3.799
b4021	11.6667
b4022	8.0756
b4023	18.6813
b4024	10.4815
b4025	32.7273
b4026	1.0288
b4027	0.1565
b4028	0.4743
b4029	0.7153
b4620	1.4337
b4030	3.2847
b4031	1.7276
b4032	17.4523
b4033	19.1909
b4034	40.4282
b4035	31.138
b4036	39.9329
b4037	21.8241
b4039	13.4538
b4040	12.7148
b4041	13.387
b4042	16.9377
b4043	31.9376
b4044	6.3043
b4045	27.381
b4046	6.3953
b4047	0.3922
b4048	0.0706
b4049	9.0077
b4050	4.5267
b4051	6.4024
b4052	22.2105
b4053	17.3148
b4054	11.3065
b4621	0.7353
b4055	28.7115
b4056	13.1894
b4057	14.2857
b4058	9.0507
b4059	22.3464
b4060	9.9291
b4061	2.7725
b4062	7.4074
b4063	1.828
b4064	1.5556
b4065	6.303
b4066	0.464
b4067	0.6667
b4068	0.9524
b4069	1.1485
b4070	4.8365
b4071	1.7637
b4072	0.8929
b4073	0.2612
b4074	0.3617
b4075	0.651
b4076	0.7538
b4077	12.0624
b4078	10.2174
b4079	3.1192
b4080	0.3067
b4081	0.5848
b4082	0.436
b4622	0
b4083	0.2769
b4084	1.3978
b4085	0.9339
b4086	0.3568
b4087	1.1416
b4088	1.8697
b4089	9.3154
b4090	1.8889
b4487	4.0909
b4092	1.9104
b4093	1.2644
b4094	0.7168
b4095	0.2639
b4096	1.9824
b4097	0.1318
b4098	0.1182
b4099	0.1408
b4100	0.3419
b4101	0.2208
b4102	0.1377
b4105	0.1967
b4106	0.2535
b4107	1.1261
b4108	19.7917
b4109	1.2786
b4110	0.3982
b4111	21.7232
b4703	3.8889
b4112	6.5476
b4113	8.8191
b4114	1.4903
b4115	0.71
b4116	6.6273
b4117	2.2707
b4118	5.7756
b4119	1.5855
b4120	2.0745
b4121	1.6667
b4122	1.9126
b4123	1.6406
b4124	9.375
b4125	11.8566
b4126	3.2468
b4127	2.0147
b4128	19.1919
b4559	8.6207
b4129	26.1858
b4130	1.7147
b4131	2.3743
b4132	0.9738
b4133	4.7758
b4135	6.9444
b4136	5.8893
b4137	5.1622
b4138	29.5315
b4139	45.8594
b4140	7.0231
b4141	2.6651
b4142	44.5578
b4143	43.3819
b4144	14.6893
b4145	3.5057
b4146	8.552
b4147	50.2646
b4410	9.9206
b4411	15.3061
b4148	7.0755
b4149	9.4569
b4150	2.866
b4151	17.2222
b4152	25.5051
b4153	22.1088
b4154	30.7352
b4155	10.0204
b4156	3.3267
b4157	2.0635
b4158	1.746
b4159	5.4904
b4160	16.2023
b4161	23.4093
b4162	18.6813
b4670	2.7778
b4166	11.2719
b4167	5.3618
b4168	5.303
b4169	8.0344
b4170	13.2846
b4171	26.3933
b4172	39.644
b4173	21.5847
b4174	28.6905
b4175	35.4726
b4176	8.8384
b4177	43.4565
b4178	9.3897
b4179	15.9091
b4180	14.959
b4181	0.4975
b4182	0.5007
b4183	1.4394
b4184	0.7519
b4185	1.252
b4186	1.1168
b4187	0.5228
b4188	25.1812
b4189	30.303
b4190	3.9333
b4191	6.6799
b4192	1.3146
b4193	1.216
b4194	0.9804
b4195	2.9032
b4196	1.6129
b4197	2.6901
b4198	2.0378
b4199	0.1812
b4200	46.8434
b4201	46.0317
b4202	41.6667
b4203	47
b4204	4.9057
b4206	10.4851
b4207	28.0998
b4208	8.1387
b4209	3.9216
b4210	1.3458
b4211	1.4518
b4212	1.1811
b4213	6.4043
b4214	9.5816
b4215	1.278
b4216	6.6667
b4217	32.1256
b4218	6.6964
b4219	11.2676
b4220	11.5917
b4221	8.0423
b4222	17.5439
b4224	3.7698
b4225	0.8547
b4226	46.7985
b4227	1.4629
b4485	0.7651
b4230	0.3899
b4231	2.3092
b4232	30.4805
b4233	17.1397
b4234	31.6123
b4235	12.8603
b4237	4.6237
b4238	13.6279
b4239	35.3261
b4240	44.5499
b4241	3.5865
b4702	10.1852
b4242	18.1498
b4243	41.8605
b4244	4.7619
b4245	2.0833
b4246	0.7407
b4248	1.8939
b4249	1.7507
b4251	5.7239
b4252	7.1744
b4253	2.2865
b4254	0.4478
b4255	30.6954
b4256	9.9206
b4257	0.4595
b4258	30.5672
b4259	24.7748
b4260	21.6931
b4261	13.2153
b4262	15.0046
b4263	1.7964
b4264	5.7558
b4265	3.5985
b4266	1.2418
b4267	0.436
b4268	1.9504
b4269	2.0098
b4272	20.6284
b4273	10.0993
b4277	0.6061
b4278	5.4552
b4279	7.5123
b4280	14.4772
b4655	1.9841
b4284	9.0712
b4287	26.4974
b4288	17.2936
b4289	17.0671
b4290	35.2159
b4291	35.1613
b4292	11.478
b4293	14.9425
b4294	6.1594
b4295	15.2989
b4296	2.4444
b4297	2.8709
b4298	2.7042
b4299	1.3308
b4300	2.1711
b4301	1.8957
b4302	1.6204
b4303	4.7708
b4304	0.723
b4565	1.7921
b4305	1.7825
b4306	3.7483
b4307	2.8388
b4566	9.8837
b4309	5.5046
b4310	11.6983
b4311	12.5523
b4312	13.0182
b4313	1.9263
b4314	34.6084
b4315	5
b4316	5.303
b4317	2.5787
b4318	4.049
b4319	2.5794
b4320	2.2702
b4321	1.7485
b4322	10.4641
b4323	6.9815
b4324	11.9509
b4325	0.4212
b4326	3.4351
b4327	5.7566
b4328	7.4595
b4329	1.9481
b4330	0.6579
b4331	3.5135
b4332	1.0602
b4333	2.6713
b4334	0.2604
b4335	1.0417
b4336	2.0297
b4337	2.0276
b4340	1.4508
b4341	0
b4345	11.1748
b4346	11.6304
b4347	1.9006
b4348	14.6953
b4349	9.4654
b4350	12.7384
b4351	9.2896
b4352	19.4357
b4353	28.4314
b4354	37.0758
b4355	1.6002
b4356	2.2026
b4357	3.224
b4358	0.782
b4359	17.5393
b4360	15.9596
b4361	7.5881
b4362	6.1111
b4363	1.2658
b4364	8.0415
b4365	1.9972
b4366	7.3009
b4367	35.488
b4567	8.6498
b4371	13.3721
b4372	9.2995
b4373	16.7785
b4374	13.9381
b4375	23.0503
b4376	9.9835
b4568	8.3333
b4377	2.8864
b4378	0.7051
b4379	6.1921
b4380	22.0825
b4381	34.8718
b4382	28.9116
b4383	43.219
b4384	43.2639
b4385	6.2312
b4386	4.7689
b4387	2.8682
b4388	15.5831
b4389	9.7614
b4390	9.7324
b4391	31.9844
b4392	6.9401
b4393	11.4679
b4394	10.4288
b4395	13.7346
b4396	28.6782
b4397	13.1857
b4398	6.8841
b4399	2.2105
b4400	1.0347
b4401	44.4212
b4402	41.844
b4403	6.1863
